{
    "conv_in": 3.8673083782196045,
    "time_embedding.linear_1": 2.1212973594665527,
    "time_embedding.cond_proj": 0.9949772357940674,
    "time_embedding.linear_2": 6.080458164215088,
    "down_blocks.0.attentions.0.proj_in": 1.4992716312408447,
    "down_blocks.0.attentions.0.transformer_blocks.0.attn1.to_q": 2.786520481109619,
    "down_blocks.0.attentions.0.transformer_blocks.0.attn1.to_k": 2.9349148273468018,
    "down_blocks.0.attentions.0.transformer_blocks.0.attn1.to_v": 2.473242998123169,
    "down_blocks.0.attentions.0.transformer_blocks.0.attn1.to_out.0": 1.904321551322937,
    "down_blocks.0.attentions.0.transformer_blocks.0.attn2.to_q": 3.217590808868408,
    "down_blocks.0.attentions.0.transformer_blocks.0.attn2.to_k": 26.450565338134766,
    "down_blocks.0.attentions.0.transformer_blocks.0.attn2.to_v": 12.233386039733887,
    "down_blocks.0.attentions.0.transformer_blocks.0.attn2.to_out.0": 3.1205222606658936,
    "down_blocks.0.attentions.0.transformer_blocks.0.ff.net.0.proj": 2.554121494293213,
    "down_blocks.0.attentions.0.transformer_blocks.0.ff.net.2": 3.9882795810699463,
    "down_blocks.0.attentions.0.proj_out": 2.9900906085968018,
    "down_blocks.0.resnets.0.conv1": 3.675544023513794,
    "down_blocks.0.resnets.0.time_emb_proj": 3.8056328296661377,
    "down_blocks.0.resnets.0.conv2": 2.0529322624206543,
    "down_blocks.0.downsamplers.0.conv": 4.1597418785095215,
    "down_blocks.1.attentions.0.proj_in": 1.330756664276123,
    "down_blocks.1.attentions.0.transformer_blocks.0.attn1.to_q": 3.2835001945495605,
    "down_blocks.1.attentions.0.transformer_blocks.0.attn1.to_k": 3.399388313293457,
    "down_blocks.1.attentions.0.transformer_blocks.0.attn1.to_v": 2.433652877807617,
    "down_blocks.1.attentions.0.transformer_blocks.0.attn1.to_out.0": 2.4133996963500977,
    "down_blocks.1.attentions.0.transformer_blocks.0.attn2.to_q": 4.011129856109619,
    "down_blocks.1.attentions.0.transformer_blocks.0.attn2.to_k": 20.995136260986328,
    "down_blocks.1.attentions.0.transformer_blocks.0.attn2.to_v": 9.092381477355957,
    "down_blocks.1.attentions.0.transformer_blocks.0.attn2.to_out.0": 3.3874993324279785,
    "down_blocks.1.attentions.0.transformer_blocks.0.ff.net.0.proj": 1.6204652786254883,
    "down_blocks.1.attentions.0.transformer_blocks.0.ff.net.2": 3.883028507232666,
    "down_blocks.1.attentions.0.proj_out": 2.8138365745544434,
    "down_blocks.1.resnets.0.conv1": 2.1509735584259033,
    "down_blocks.1.resnets.0.time_emb_proj": 3.824756622314453,
    "down_blocks.1.resnets.0.conv2": 1.84746515750885,
    "down_blocks.1.resnets.0.conv_shortcut": 8.796154975891113,
    "down_blocks.1.downsamplers.0.conv": 5.51880407333374,
    "down_blocks.2.attentions.0.proj_in": 1.0473798513412476,
    "down_blocks.2.attentions.0.transformer_blocks.0.attn1.to_q": 1.488075852394104,
    "down_blocks.2.attentions.0.transformer_blocks.0.attn1.to_k": 1.4967780113220215,
    "down_blocks.2.attentions.0.transformer_blocks.0.attn1.to_v": 1.1747967004776,
    "down_blocks.2.attentions.0.transformer_blocks.0.attn1.to_out.0": 1.4964094161987305,
    "down_blocks.2.attentions.0.transformer_blocks.0.attn2.to_q": 2.363665819168091,
    "down_blocks.2.attentions.0.transformer_blocks.0.attn2.to_k": 20.499187469482422,
    "down_blocks.2.attentions.0.transformer_blocks.0.attn2.to_v": 7.273905277252197,
    "down_blocks.2.attentions.0.transformer_blocks.0.attn2.to_out.0": 2.599473714828491,
    "down_blocks.2.attentions.0.transformer_blocks.0.ff.net.0.proj": 0.894999086856842,
    "down_blocks.2.attentions.0.transformer_blocks.0.ff.net.2": 3.063096761703491,
    "down_blocks.2.attentions.0.proj_out": 4.793882369995117,
    "down_blocks.2.resnets.0.conv1": 3.5504167079925537,
    "down_blocks.2.resnets.0.time_emb_proj": 3.824756622314453,
    "down_blocks.2.resnets.0.conv2": 2.9548306465148926,
    "down_blocks.2.resnets.0.conv_shortcut": 13.107738494873047,
    "up_blocks.0.attentions.0.proj_in": 2.310079574584961,
    "up_blocks.0.attentions.0.transformer_blocks.0.attn1.to_q": 2.407522439956665,
    "up_blocks.0.attentions.0.transformer_blocks.0.attn1.to_k": 2.5539259910583496,
    "up_blocks.0.attentions.0.transformer_blocks.0.attn1.to_v": 1.8707098960876465,
    "up_blocks.0.attentions.0.transformer_blocks.0.attn1.to_out.0": 2.7923898696899414,
    "up_blocks.0.attentions.0.transformer_blocks.0.attn2.to_q": 3.4689579010009766,
    "up_blocks.0.attentions.0.transformer_blocks.0.attn2.to_k": 17.192867279052734,
    "up_blocks.0.attentions.0.transformer_blocks.0.attn2.to_v": 7.273905277252197,
    "up_blocks.0.attentions.0.transformer_blocks.0.attn2.to_out.0": 4.031548976898193,
    "up_blocks.0.attentions.0.transformer_blocks.0.ff.net.0.proj": 2.1704180240631104,
    "up_blocks.0.attentions.0.transformer_blocks.0.ff.net.2": 8.827381134033203,
    "up_blocks.0.attentions.0.proj_out": 12.060027122497559,
    "up_blocks.0.attentions.1.proj_in": 2.8802871704101562,
    "up_blocks.0.attentions.1.transformer_blocks.0.attn1.to_q": 2.390415906906128,
    "up_blocks.0.attentions.1.transformer_blocks.0.attn1.to_k": 2.4298183917999268,
    "up_blocks.0.attentions.1.transformer_blocks.0.attn1.to_v": 2.0751962661743164,
    "up_blocks.0.attentions.1.transformer_blocks.0.attn1.to_out.0": 1.9713927507400513,
    "up_blocks.0.attentions.1.transformer_blocks.0.attn2.to_q": 3.8616435527801514,
    "up_blocks.0.attentions.1.transformer_blocks.0.attn2.to_k": 17.192867279052734,
    "up_blocks.0.attentions.1.transformer_blocks.0.attn2.to_v": 7.108589172363281,
    "up_blocks.0.attentions.1.transformer_blocks.0.attn2.to_out.0": 3.692927360534668,
    "up_blocks.0.attentions.1.transformer_blocks.0.ff.net.0.proj": 1.9795268774032593,
    "up_blocks.0.attentions.1.transformer_blocks.0.ff.net.2": 5.076013088226318,
    "up_blocks.0.attentions.1.proj_out": 14.297264099121094,
    "up_blocks.0.resnets.0.conv1": 4.206186294555664,
    "up_blocks.0.resnets.0.time_emb_proj": 3.8056328296661377,
    "up_blocks.0.resnets.0.conv2": 5.195451259613037,
    "up_blocks.0.resnets.0.conv_shortcut": 7.522233963012695,
    "up_blocks.0.resnets.1.conv1": 7.555934429168701,
    "up_blocks.0.resnets.1.time_emb_proj": 3.824756622314453,
    "up_blocks.0.resnets.1.conv2": 4.463502883911133,
    "up_blocks.0.resnets.1.conv_shortcut": 16.828168869018555,
    "up_blocks.0.upsamplers.0.conv": 14.81488037109375,
    "up_blocks.1.attentions.0.proj_in": 2.7775185108184814,
    "up_blocks.1.attentions.0.transformer_blocks.0.attn1.to_q": 2.8707199096679688,
    "up_blocks.1.attentions.0.transformer_blocks.0.attn1.to_k": 2.9313693046569824,
    "up_blocks.1.attentions.0.transformer_blocks.0.attn1.to_v": 2.5270423889160156,
    "up_blocks.1.attentions.0.transformer_blocks.0.attn1.to_out.0": 3.1126692295074463,
    "up_blocks.1.attentions.0.transformer_blocks.0.attn2.to_q": 4.965473175048828,
    "up_blocks.1.attentions.0.transformer_blocks.0.attn2.to_k": 20.995136260986328,
    "up_blocks.1.attentions.0.transformer_blocks.0.attn2.to_v": 7.273905277252197,
    "up_blocks.1.attentions.0.transformer_blocks.0.attn2.to_out.0": 4.057729721069336,
    "up_blocks.1.attentions.0.transformer_blocks.0.ff.net.0.proj": 4.431723594665527,
    "up_blocks.1.attentions.0.transformer_blocks.0.ff.net.2": 8.435434341430664,
    "up_blocks.1.attentions.0.proj_out": 17.66526985168457,
    "up_blocks.1.attentions.1.proj_in": 2.4748504161834717,
    "up_blocks.1.attentions.1.transformer_blocks.0.attn1.to_q": 2.280381917953491,
    "up_blocks.1.attentions.1.transformer_blocks.0.attn1.to_k": 2.368089199066162,
    "up_blocks.1.attentions.1.transformer_blocks.0.attn1.to_v": 1.9295542240142822,
    "up_blocks.1.attentions.1.transformer_blocks.0.attn1.to_out.0": 3.2903025150299072,
    "up_blocks.1.attentions.1.transformer_blocks.0.attn2.to_q": 4.47187614440918,
    "up_blocks.1.attentions.1.transformer_blocks.0.attn2.to_k": 20.995136260986328,
    "up_blocks.1.attentions.1.transformer_blocks.0.attn2.to_v": 7.273905277252197,